indicator_id,rows,status
2520,0,error: 'NoneType' object has no attribute 'empty'
2584,0,error: 'NoneType' object has no attribute 'empty'
2597,0,error: 'NoneType' object has no attribute 'empty'
2916,0,error: 'NoneType' object has no attribute 'empty'
2913,0,error: 'NoneType' object has no attribute 'empty'
2914,0,error: 'NoneType' object has no attribute 'empty'
3050,0,error: 'NoneType' object has no attribute 'empty'
3049,0,error: 'NoneType' object has no attribute 'empty'
3048,0,error: 'NoneType' object has no attribute 'empty'
3337,0,error: 'NoneType' object has no attribute 'empty'
3339,0,error: 'NoneType' object has no attribute 'empty'
3340,0,error: 'NoneType' object has no attribute 'empty'
3345,0,error: 'NoneType' object has no attribute 'empty'
2747,0,error: 'NoneType' object has no attribute 'empty'
2781,0,error: 'NoneType' object has no attribute 'empty'
3390,0,error: 'NoneType' object has no attribute 'empty'
3288,0,error: 'NoneType' object has no attribute 'empty'
2323,0,error: 'NoneType' object has no attribute 'empty'
2317,0,error: 'NoneType' object has no attribute 'empty'
2677,0,error: 'NoneType' object has no attribute 'empty'
260,0,error: 'NoneType' object has no attribute 'empty'
166,0,error: 'NoneType' object has no attribute 'empty'
4620,0,error: 'NoneType' object has no attribute 'empty'
5693,0,error: 'NoneType' object has no attribute 'empty'
118,0,error: 'NoneType' object has no attribute 'empty'
2318,0,error: 'NoneType' object has no attribute 'empty'
152,0,error: 'NoneType' object has no attribute 'empty'
153,0,error: 'NoneType' object has no attribute 'empty'
2465,0,error: 'NoneType' object has no attribute 'empty'
5724,0,error: 'NoneType' object has no attribute 'empty'
5725,0,error: 'NoneType' object has no attribute 'empty'
5726,0,error: 'NoneType' object has no attribute 'empty'
5727,0,error: 'NoneType' object has no attribute 'empty'
5728,0,error: 'NoneType' object has no attribute 'empty'
5729,0,error: 'NoneType' object has no attribute 'empty'
4266,0,error: 'NoneType' object has no attribute 'empty'
4271,0,error: 'NoneType' object has no attribute 'empty'
5519,0,error: 'NoneType' object has no attribute 'empty'
2198,0,error: 'NoneType' object has no attribute 'empty'
2500,0,error: 'NoneType' object has no attribute 'empty'
5540,0,error: 'NoneType' object has no attribute 'empty'
4189,0,error: 'NoneType' object has no attribute 'empty'
4490,0,error: 'NoneType' object has no attribute 'empty'
3692,0,error: 'NoneType' object has no attribute 'empty'
3700,0,error: 'NoneType' object has no attribute 'empty'
3701,0,error: 'NoneType' object has no attribute 'empty'
5680,0,error: 'NoneType' object has no attribute 'empty'
3774,0,error: 'NoneType' object has no attribute 'empty'
3776,0,error: 'NoneType' object has no attribute 'empty'
3778,0,error: 'NoneType' object has no attribute 'empty'
3830,0,error: 'NoneType' object has no attribute 'empty'
3831,0,error: 'NoneType' object has no attribute 'empty'
3832,0,error: 'NoneType' object has no attribute 'empty'
2503,0,error: 'NoneType' object has no attribute 'empty'
3892,0,error: 'NoneType' object has no attribute 'empty'
3920,0,error: 'NoneType' object has no attribute 'empty'
4599,0,error: 'NoneType' object has no attribute 'empty'
2592,0,error: 'NoneType' object has no attribute 'empty'
2593,0,error: 'NoneType' object has no attribute 'empty'
2647,0,error: 'NoneType' object has no attribute 'empty'
2648,0,error: 'NoneType' object has no attribute 'empty'
2656,0,error: 'NoneType' object has no attribute 'empty'
5660,0,error: 'NoneType' object has no attribute 'empty'
4982,0,error: 'NoneType' object has no attribute 'empty'
4983,0,error: 'NoneType' object has no attribute 'empty'
4446,0,error: 'NoneType' object has no attribute 'empty'
4445,0,error: 'NoneType' object has no attribute 'empty'
4442,0,error: 'NoneType' object has no attribute 'empty'
4444,0,error: 'NoneType' object has no attribute 'empty'
3482,0,error: 'NoneType' object has no attribute 'empty'
3483,0,error: 'NoneType' object has no attribute 'empty'
5375,0,error: 'NoneType' object has no attribute 'empty'
5379,0,error: 'NoneType' object has no attribute 'empty'
4054,0,error: 'NoneType' object has no attribute 'empty'
5057,0,error: 'NoneType' object has no attribute 'empty'
4055,0,error: 'NoneType' object has no attribute 'empty'
5058,0,error: 'NoneType' object has no attribute 'empty'
1877,0,error: 'NoneType' object has no attribute 'empty'
4052,0,error: 'NoneType' object has no attribute 'empty'
5367,0,error: 'NoneType' object has no attribute 'empty'
4891,0,error: 'NoneType' object has no attribute 'empty'
5366,0,error: 'NoneType' object has no attribute 'empty'
5381,0,error: 'NoneType' object has no attribute 'empty'
5384,0,error: 'NoneType' object has no attribute 'empty'
4988,0,error: 'NoneType' object has no attribute 'empty'
4881,0,error: 'NoneType' object has no attribute 'empty'
4882,0,error: 'NoneType' object has no attribute 'empty'
4947,0,error: 'NoneType' object has no attribute 'empty'
4957,0,error: 'NoneType' object has no attribute 'empty'
5154,0,error: 'NoneType' object has no attribute 'empty'
5155,0,error: 'NoneType' object has no attribute 'empty'
5159,0,error: 'NoneType' object has no attribute 'empty'
5160,0,error: 'NoneType' object has no attribute 'empty'
5164,0,error: 'NoneType' object has no attribute 'empty'
5165,0,error: 'NoneType' object has no attribute 'empty'
5169,0,error: 'NoneType' object has no attribute 'empty'
5170,0,error: 'NoneType' object has no attribute 'empty'
5156,0,error: 'NoneType' object has no attribute 'empty'
5157,0,error: 'NoneType' object has no attribute 'empty'
5158,0,error: 'NoneType' object has no attribute 'empty'
5161,0,error: 'NoneType' object has no attribute 'empty'
5162,0,error: 'NoneType' object has no attribute 'empty'
5163,0,error: 'NoneType' object has no attribute 'empty'
5166,0,error: 'NoneType' object has no attribute 'empty'
5167,0,error: 'NoneType' object has no attribute 'empty'
5168,0,error: 'NoneType' object has no attribute 'empty'
5171,0,error: 'NoneType' object has no attribute 'empty'
5172,0,error: 'NoneType' object has no attribute 'empty'
5173,0,error: 'NoneType' object has no attribute 'empty'
