value,source_id,notes_ids,iso3,dim_208,dim_102823,dim_29117,Country__ESTANDAR,Years__ESTANDAR,Sectors
0.000516,15122,,,212,102830,29180,Latin America and the Caribbean,2010,Hardware
0,15122,,,212,102830,29189,Latin America and the Caribbean,2019,Hardware
0,15122,,,212,102830,29190,Latin America and the Caribbean,2020,Hardware
0,15122,,,212,102830,29191,Latin America and the Caribbean,2021,Hardware
0.000906,15122,,,212,102830,29192,Latin America and the Caribbean,2022,Hardware
2.535166,15122,,,212,102832,29180,Latin America and the Caribbean,2010,Traditional Industry
1.739814,15122,,,212,102832,29189,Latin America and the Caribbean,2019,Traditional Industry
1.707422,15122,,,212,102832,29190,Latin America and the Caribbean,2020,Traditional Industry
1.723558,15122,,,212,102832,29191,Latin America and the Caribbean,2021,Traditional Industry
1.808404,15122,,,212,102832,29192,Latin America and the Caribbean,2022,Traditional Industry
0.005096,15122,,,212,102828,29180,Latin America and the Caribbean,2010,e-commerce platforms
0.018188,15122,,,212,102828,29189,Latin America and the Caribbean,2019,e-commerce platforms
0.037872,15122,,,212,102828,29190,Latin America and the Caribbean,2020,e-commerce platforms
0.081593,15122,,,212,102828,29191,Latin America and the Caribbean,2021,e-commerce platforms
0.063381,15122,,,212,102828,29192,Latin America and the Caribbean,2022,e-commerce platforms
0.011058,15122,,,212,102829,29180,Latin America and the Caribbean,2010,Internet and software platforms
0.0195,15122,,,212,102829,29189,Latin America and the Caribbean,2019,Internet and software platforms
0.050187,15122,,,212,102829,29190,Latin America and the Caribbean,2020,Internet and software platforms
0.065132,15122,,,212,102829,29191,Latin America and the Caribbean,2021,Internet and software platforms
0.058509,15122,,,212,102829,29192,Latin America and the Caribbean,2022,Internet and software platforms
0.00553,15122,,,212,102831,29180,Latin America and the Caribbean,2010,IT services and software
0.005939,15122,,,212,102831,29189,Latin America and the Caribbean,2019,IT services and software
0.008202,15122,,,212,102831,29190,Latin America and the Caribbean,2020,IT services and software
0.011813,15122,,,212,102831,29191,Latin America and the Caribbean,2021,IT services and software
0,15122,,,212,102831,29192,Latin America and the Caribbean,2022,IT services and software
0.1170949,15122,,,212,102826,29180,Latin America and the Caribbean,2010,Telecommunications
0.00957393,15122,,,212,102826,29189,Latin America and the Caribbean,2019,Telecommunications
0.104544,15122,,,212,102826,29190,Latin America and the Caribbean,2020,Telecommunications
0.07768,15122,,,212,102826,29191,Latin America and the Caribbean,2021,Telecommunications
0.098207,15122,,,212,102826,29192,Latin America and the Caribbean,2022,Telecommunications
0.0009,15122,,,212,102830,29193,Latin America and the Caribbean,2023,Hardware
1.8285,15122,,,212,102832,29193,Latin America and the Caribbean,2023,Traditional Industry
0.0626,15122,,,212,102828,29193,Latin America and the Caribbean,2023,e-commerce platforms
0.0011,15122,,,212,102829,29193,Latin America and the Caribbean,2023,Internet and software platforms
0.0381,15122,,,212,102831,29193,Latin America and the Caribbean,2023,IT services and software
0.0982,15122,,,212,102826,29193,Latin America and the Caribbean,2023,Telecommunications
