indicator_id,name,path
2520,Number of women according to maternity by relationship with the head of household and single age,General subject classification > Demographic and social > Demographic > Motherhood > Motherhood in Latin America
2584,Relative distribution of women according to maternity by relationship with the head of household and single age,General subject classification > Demographic and social > Demographic > Motherhood > Motherhood in Latin America
2597,Percentage of mothers according to maternity by relationship with the head of household and single age,General subject classification > Demographic and social > Demographic > Motherhood > Motherhood in Latin America
2916,Number of women according to maternity by relationship with the head of the household and age group,General subject classification > Demographic and social > Demographic > Motherhood > Motherhood in Latin America
2913,Relative distribution of women according to maternity by relationship with the head of household and age groups,General subject classification > Demographic and social > Demographic > Motherhood > Motherhood in Latin America
2914,Percentage of mothers according to relationship with the head of the household and age group,General subject classification > Demographic and social > Demographic > Motherhood > Motherhood in Latin America
3050,"Relative distribution of women according maternity by relationship with the head of household and single age, The Caribbean
",General subject classification > Demographic and social > Demographic > Motherhood > Motherhood in the Caribbean
3049,"Percentage of mothers by relationship with the head of the household and single age, The Caribbean",General subject classification > Demographic and social > Demographic > Motherhood > Motherhood in the Caribbean
3048,"Percentage of mothers by relationship with the head of the household and age group, The Caribbean

",General subject classification > Demographic and social > Demographic > Motherhood > Motherhood in the Caribbean
3337,"Population living in extreme poverty and poverty, by age and sex of the head of household and area.",General subject classification > Demographic and social > Social > Poverty
3339,"Population living in extreme poverty and poverty, by educational climate of the household, sex and area.",General subject classification > Demographic and social > Social > Poverty
3340,"Population living in extreme poverty and poverty, by type of household and area",General subject classification > Demographic and social > Social > Poverty
3345,"Extreme poverty and poverty gap ratio, by sex of head of household and area",General subject classification > Demographic and social > Social > Poverty
2747,"Distribution of the population according to contribution to total household income, by sex and quintiles",General subject classification > Demographic and social > Social > Poverty
2781,"Population without own income, by sex, type of household and area",General subject classification > Demographic and social > Social > Poverty
3390,"Household income distribution, by deciles and area",General subject classification > Demographic and social > Social > Income distribution
3288,Ratio of household per capita income between decile 10 and deciles 1 to 4,General subject classification > Demographic and social > Social > Income distribution
2323,"Hours worked in the main occupation of women aged 15 years and over, by number of children aged 0 to 5 years in the household and area",General subject classification > Demographic and social > Social > Labour > Employment
2317,"Women with exclusive dedication to unpaid domestic and caregiving work, by kinship relationship, number of children aged 0 to 5 in the household, and area",General subject classification > Demographic and social > Social > Labour > Unpaid work
2677,"Women exclusively dedicated to unpaid domestic and caregiving work, by number of children aged 0 to 5 years in the household and area",General subject classification > Demographic and social > Social > Labour > Unpaid work
260,"Households, by availability of basic services in housing and area",General subject classification > Demographic and social > Social > Housing and basic services
166,"Households, by housing tenure status and area 
",General subject classification > Demographic and social > Social > Housing and basic services
4620,"Population in overcrowded households by sex, quintiles and area",General subject classification > Demographic and social > Social > Housing and basic services
5693,"Population in overcrowded households by sex, ethnic-racial self-identification and area",General subject classification > Demographic and social > Social > Housing and basic services
118,Distribution of the population by household size and area,General subject classification > Demographic and social > Social > Household structure
2318,"Households where a woman is the main income earner, by type of household, quintiles and area",General subject classification > Demographic and social > Social > Household structure
152,"Average household size, by quintiles and area",General subject classification > Demographic and social > Social > Household structure
153,"Household distribution by type, quintiles and area",General subject classification > Demographic and social > Social > Household structure
2465,"Distribution of households by type, sex of head of household and area",General subject classification > Demographic and social > Social > Household structure
5724,"Share of expenditure by division in total spending for each income quintile, by area
",General subject classification > Demographic and social > Social > Household spending
5725,"Share of food expenditure in total expenditure for each income quintile, by area",General subject classification > Demographic and social > Social > Household spending
5726,"Share of food group expenditure in total food expenditure for each income quintile, by area",General subject classification > Demographic and social > Social > Household spending
5727,"Share of rental expenditure, by rental type, in total expenditure for each income quintile, by area",General subject classification > Demographic and social > Social > Household spending
5728,"Share of health expenditure in total expenditure for each income quintile, by area",General subject classification > Demographic and social > Social > Household spending
5729,"Share of education expenditure, by educational level, in total expenditure for each income quintile, by area.",General subject classification > Demographic and social > Social > Household spending
4266,"Share of fuel and energy expenditures in total household expenditures, by quintile",General subject classification > Demographic and social > Social > Household spending
4271,"Share of passenger transportation service expenditures in total household expenditures, by quintile",General subject classification > Demographic and social > Social > Household spending
5519,"Share of drinking water and sanitation expenditures in total household expenditures, by quintiles and area",General subject classification > Demographic and social > Social > Household spending
2198,Income and expenditure of households at current prices in National Currency,General subject classification > Economic > GDP and national accounts > Annual > Local currency
2500,"Household actual final consumption per capita by type of expenditure, in real purchasing power parities",General subject classification > Economic > GDP and national accounts > Annual > Purchase parity power (PPP)
5540,"Index of household actual final consumption expenditure per capita by type of consumption, in real purchasing power parities",General subject classification > Economic > GDP and national accounts > Annual > Purchase parity power (PPP)
4189,Proportion of households living in multidimensional poverty (%) SD_MDP_MUHHC,"General subject classification > Multi-domain > Sustainable Development Goals (SDG) > GOAL 1. End poverty in all its forms everywhere > TARGET 1.2 By 2030, reduce at least by half the proportion of men, women and children of all ages living in poverty in all its dimensions according to national definitions > INDICATOR 1.2.2 Proportion of men, women and children of all ages living in poverty in all its dimensions according to national definitions"
4490,Average share of weighted deprivations of total households (intensity) (%) SD_MDP_ANDIHH,"General subject classification > Multi-domain > Sustainable Development Goals (SDG) > GOAL 1. End poverty in all its forms everywhere > TARGET 1.2 By 2030, reduce at least by half the proportion of men, women and children of all ages living in poverty in all its dimensions according to national definitions > INDICATOR 1.2.2 Proportion of men, women and children of all ages living in poverty in all its dimensions according to national definitions"
3692,"[ILO] Proportion of children/households receiving child/family cash benefit, by sex (%) SI_COV_CHLD","General subject classification > Multi-domain > Sustainable Development Goals (SDG) > GOAL 1. End poverty in all its forms everywhere > TARGET 1.3 Implement nationally appropriate social protection systems and measures for all, including floors, and by 2030 achieve substantial coverage of the poor and the vulnerable > INDICATOR 1.3.1 Proportion of population covered by social protection floors/systems, by sex, distinguishing children, unemployed persons, older persons, persons with disabilities, pregnant women, newborns, work-injury victims and the poor and the vulnerable"
3700,"Proportion of population using basic drinking water services, by location (%) SP_ACS_BSRVH2O","General subject classification > Multi-domain > Sustainable Development Goals (SDG) > GOAL 1. End poverty in all its forms everywhere > TARGET 1.4 By 2030, ensure that all men and women, in particular the poor and the vulnerable, have equal rights to economic resources, as well as access to basic services, ownership and control over land and other forms of property, inheritance, natural resources, appropriate new technology and financial services, including microfinance > INDICATOR 1.4.1 Proportion of population living in households with access to basic services"
3701,"Proportion of population using basic sanitation services, by location (%) SP_ACS_BSRVSAN","General subject classification > Multi-domain > Sustainable Development Goals (SDG) > GOAL 1. End poverty in all its forms everywhere > TARGET 1.4 By 2030, ensure that all men and women, in particular the poor and the vulnerable, have equal rights to economic resources, as well as access to basic services, ownership and control over land and other forms of property, inheritance, natural resources, appropriate new technology and financial services, including microfinance > INDICATOR 1.4.1 Proportion of population living in households with access to basic services"
5680,"Proportion of the population with positive out-of-pocket household expenditure on health exceeding 40% of household discretionary budget, by location, quintile, type of household and characteristics of the head of household (%) SH_OOP_XPD_EARNNET40","General subject classification > Multi-domain > Sustainable Development Goals (SDG) > GOAL 3. Ensure healthy lives and promote well-being for all at all ages > TARGET 3.8 Achieve universal health coverage, including financial risk protection, access to quality essential health-care services and access to safe, effective, quality and affordable essential medicines and vaccines for all > INDICATOR 3.8.2 Proportion of population with large household expenditures on health as a share of total household expenditure or income"
3774,"Age-standardized mortality rate attributed to household air pollution (deaths per 100,000 population) SH_HAP_ASMORT","General subject classification > Multi-domain > Sustainable Development Goals (SDG) > GOAL 3. Ensure healthy lives and promote well-being for all at all ages > TARGET 3.9 By 2030, substantially reduce the number of deaths and illnesses from hazardous chemicals and air, water and soil pollution and contamination > INDICATOR 3.9.1 Mortality rate attributed to household and ambient air pollution"
3776,"Age-standardized mortality rate attributed to household and ambient air pollution (deaths per 100,000 population) SH_STA_ASAIRP","General subject classification > Multi-domain > Sustainable Development Goals (SDG) > GOAL 3. Ensure healthy lives and promote well-being for all at all ages > TARGET 3.9 By 2030, substantially reduce the number of deaths and illnesses from hazardous chemicals and air, water and soil pollution and contamination > INDICATOR 3.9.1 Mortality rate attributed to household and ambient air pollution"
3778,"Age-standardized mortality rate attributed to ambient air pollution (deaths per 100,000 population) SH_AAP_ASMORT","General subject classification > Multi-domain > Sustainable Development Goals (SDG) > GOAL 3. Ensure healthy lives and promote well-being for all at all ages > TARGET 3.9 By 2030, substantially reduce the number of deaths and illnesses from hazardous chemicals and air, water and soil pollution and contamination > INDICATOR 3.9.1 Mortality rate attributed to household and ambient air pollution"
3830,"Proportion of time spent on unpaid domestic chores and care work, by sex, age and location (%) SL_DOM_TSPD","General subject classification > Multi-domain > Sustainable Development Goals (SDG) > GOAL 5. Achieve gender equality and empower all women and girls > TARGET 5.4 Recognize and value unpaid care and domestic work through the provision of public services, infrastructure and social protection policies and the promotion of shared responsibility within the household and the family as nationally appropriate > INDICATOR 5.4.1 Proportion of time spent on unpaid domestic and care work, by sex, age and location"
3831,"Proportion of time spent on unpaid care work, by sex, age and location (%) SL_DOM_TSPDCW","General subject classification > Multi-domain > Sustainable Development Goals (SDG) > GOAL 5. Achieve gender equality and empower all women and girls > TARGET 5.4 Recognize and value unpaid care and domestic work through the provision of public services, infrastructure and social protection policies and the promotion of shared responsibility within the household and the family as nationally appropriate > INDICATOR 5.4.1 Proportion of time spent on unpaid domestic and care work, by sex, age and location"
3832,"Proportion of time spent on unpaid domestic chores, by sex, age and location (%) SL_DOM_TSPDDC","General subject classification > Multi-domain > Sustainable Development Goals (SDG) > GOAL 5. Achieve gender equality and empower all women and girls > TARGET 5.4 Recognize and value unpaid care and domestic work through the provision of public services, infrastructure and social protection policies and the promotion of shared responsibility within the household and the family as nationally appropriate > INDICATOR 5.4.1 Proportion of time spent on unpaid domestic and care work, by sex, age and location"
2503,Total working time by type of work and sex,"General subject classification > Multi-domain > Sustainable Development Goals (SDG) > GOAL 5. Achieve gender equality and empower all women and girls > TARGET 5.4 Recognize and value unpaid care and domestic work through the provision of public services, infrastructure and social protection policies and the promotion of shared responsibility within the household and the family as nationally appropriate > INDICATOR C-5.4 Average hours per week spent on unpaid and paid work, combined (total workload), by sex"
3892,"Proportion of children engaged in economic activity and household chores, by sex and age (%) SL_TLF_CHLDEC","General subject classification > Multi-domain > Sustainable Development Goals (SDG) > GOAL 8. Promote sustained, inclusive and sustainable economic growth, full and productive employment and decent work for all > TARGET 8.7 Take immediate and effective measures to eradicate forced labour, end modern slavery and human trafficking and secure the prohibition and elimination of the worst forms of child labour, including recruitment and use of child soldiers, and by 2025 end child labour in all its forms > INDICATOR 8.7.1 Proportion and number of children aged 5–17 years engaged in child labour, by sex and age"
3920,Growth rates of household expenditure or income per capita (%) SI_HEI_TOTL,"General subject classification > Multi-domain > Sustainable Development Goals (SDG) > GOAL 10. Reduce inequality within and among countries > TARGET 10.1 By 2030, progressively achieve and sustain income growth of the bottom 40 per cent of the population at a rate higher than the national average > INDICATOR 10.1.1 Growth rates of household expenditure or income per capita among the bottom 40 per cent of the population and the total population"
4599,Annual growth of households and NPISHs final consumption expenditure (%) NE_CON_PRVT_KD_ZG,"General subject classification > Multi-domain > Sustainable Development Goals (SDG) > GOAL 17. Strengthen the means of implementation and revitalize the Global Partnership for Sustainable Development > TARGET 17.13 Enhance global macroeconomic stability, including through policy coordination and policy coherence > INDICATOR 17.13.1 Macroeconomic Dashboard"
2592,"Total working time by type of household, type of work and sex",General subject classification > Multi-domain > Gender > Paid and unpaid work > Total working time (TWT) of  population 15 years and over
2593,"Total working time by presence of children in the household, type of work and sex",General subject classification > Multi-domain > Gender > Paid and unpaid work > Total working time (TWT) of  population 15 years and over
2647,Unpaid working time by type of household and sex,General subject classification > Multi-domain > Gender > Paid and unpaid work > Unpaid work time (UWT)
2648,Unpaid working time by presence of children in the household and sex,General subject classification > Multi-domain > Gender > Paid and unpaid work > Unpaid work time (UWT)
2656,"Unpaid Work Time of the Population between 20 and 59 Years Old by Poverty Status, Presence of Children in the Household and Sex",General subject classification > Multi-domain > Gender > Gender and poverty
5660,"Population in households with at least one person with a disability, by sex and income quintile.",General subject classification > Multi-domain > Disability
4982,"Percentage of population in households without drinking water services according to ethnicity/race, by geographical area.",General subject classification > Multi-domain > Indigenous Peoples and Afrodescendent > Social
4983,"Percentage of population in households without sanitation services according to ethnicity/race, by geographical area.",General subject classification > Multi-domain > Indigenous Peoples and Afrodescendent > Social
4446,Percentage of households with sanitation availability,General subject classification > Multi-domain > Subnational and small areas statistics > Human Settlements > Housing and basic services
4445,Proportion of households that have electricity service,General subject classification > Multi-domain > Subnational and small areas statistics > Human Settlements > Housing and basic services
4442,Percentage of households in conventional material dwellings,General subject classification > Multi-domain > Subnational and small areas statistics > Human Settlements > Housing and basic services
4444,"Percentage of households with availability of drinking water
",General subject classification > Multi-domain > Subnational and small areas statistics > Human Settlements > Housing and basic services
3482,Fixed broadband subscriptions per 100 inhabitants.,General subject classification > Multi-domain > Information and communication technologies > Access and use > Household ICT access
3483,Mobile broadband connections as a percentage of population.,General subject classification > Multi-domain > Information and communication technologies > Access and use > Household ICT access
5375,"Fixed Broadband Connectivity Gap, Latin America and the Caribbean and World Regions.",General subject classification > Multi-domain > Information and communication technologies > Access and use > Household ICT access
5379,"Mobile Broadband Connectivity Gap, Latin America and the Caribbean and World Regions.",General subject classification > Multi-domain > Information and communication technologies > Access and use > Household ICT access
4054,Download speed of fixed broadband connections (Mbps).,General subject classification > Multi-domain > Information and communication technologies > Access and use > Household ICT access
5057,Fixed broadband connection upload speed measured (Mbps).,General subject classification > Multi-domain > Information and communication technologies > Access and use > Household ICT access
4055,Download speed of mobile broadband connections (Mbps).,General subject classification > Multi-domain > Information and communication technologies > Access and use > Household ICT access
5058,Mobile broadband connection upload speed (Mbps).,General subject classification > Multi-domain > Information and communication technologies > Access and use > Household ICT access
1877,"Households with Internet access (fixed and/or mobile broadband) as a percentage of total households, selected countries Latin America and the Caribbean.",General subject classification > Multi-domain > Information and communication technologies > Access and use > Household ICT access
4052,Households with Internet access (fixed and/or mobile broadband) by income quintile as a percentage of total households in each quintile.,General subject classification > Multi-domain > Information and communication technologies > Access and use > Household ICT access
5367,"Connectivity gap between households in the highest (Q5) and lowest (Q1) income quintiles, selected LAC countries.
",General subject classification > Multi-domain > Information and communication technologies > Access and use > Household ICT access
4891,"Households with Internet access (fixed and/or mobile broadband) by geographical area as a percentage of total households in each area, selected LAC countries.",General subject classification > Multi-domain > Information and communication technologies > Access and use > Household ICT access
5366,"Connectivity gap between urban and rural households, selected LAC countries.",General subject classification > Multi-domain > Information and communication technologies > Access and use > Household ICT access
5381,"Persons in households with Internet access (fixed and/or mobile broadband) by income quintile, selected countries Latin America.",General subject classification > Multi-domain > Information and communication technologies > Access and use > Household ICT access
5384,"Persons in households with access to the Internet (fixed and/or mobile broadband) by geographical area, selected countries Latin America.",General subject classification > Multi-domain > Information and communication technologies > Access and use > Household ICT access
4988,"Persons in households with Internet access (fixed and/or mobile broadband) by age group, selected countries Latin America and the Caribbean.",General subject classification > Multi-domain > Information and communication technologies > Access and use > Household ICT access
4881,market capitalization of the 5000 most valuable companies,General subject classification > Multi-domain > Information and communication technologies > Access and use > Household ICT access
4882,Market capitalization of the 500 most valuable companies in Latin America and the Caribbean by economic sector.,General subject classification > Multi-domain > Information and communication technologies > Access and use > Household ICT access
4947,Fixed broadband. Latency and Jitter average.,General subject classification > Multi-domain > Information and communication technologies > Access and use > Household ICT access
4957,Mobile broadband. Latency and average jitter.,General subject classification > Multi-domain > Information and communication technologies > Access and use > Household ICT access
5154,"Households with computer access, by area",General subject classification > Multi-domain > Information and communication technologies > Acces and Use in agricultural household > ICT Acces in Agricultural Households
5155,Internet access in agricultural and non-agricultural households,General subject classification > Multi-domain > Information and communication technologies > Acces and Use in agricultural household > ICT Acces in Agricultural Households
5159,Computer access in self-employed agricultural households and other agricultural households,General subject classification > Multi-domain > Information and communication technologies > Acces and Use in agricultural household > ICT Acces in Agricultural Households
5160,Internet access in self-employed agricultural households and other agricultural households.,General subject classification > Multi-domain > Information and communication technologies > Acces and Use in agricultural household > ICT Acces in Agricultural Households
5164,"Computer access of youth and non-youth (over 35 years old) in rural areas, by sex.",General subject classification > Multi-domain > Information and communication technologies > Acces and Use in agricultural household > ICT Acces in Agricultural Households
5165,"Internet access of youth and non-youth  (over 35 years old) in rural areas, by sex.
",General subject classification > Multi-domain > Information and communication technologies > Acces and Use in agricultural household > ICT Acces in Agricultural Households
5169,"Computer access of youth and non-youth (over 35 years old) in agricultural households, by sex",General subject classification > Multi-domain > Information and communication technologies > Acces and Use in agricultural household > ICT Acces in Agricultural Households
5170,"Internet access of  youth and non-youth (over 35) in agricultural households, by sex",General subject classification > Multi-domain > Information and communication technologies > Acces and Use in agricultural household > ICT Acces in Agricultural Households
5156,Computer use in agricultural and non-agricultural households,General subject classification > Multi-domain > Information and communication technologies > Acces and Use in agricultural household > Individual ICT Use in Agricultural Household
5157,Internet use in agricultural and non-agricultural households,General subject classification > Multi-domain > Information and communication technologies > Acces and Use in agricultural household > Individual ICT Use in Agricultural Household
5158,Mobile phone use in agricultural and non-agricultural households,General subject classification > Multi-domain > Information and communication technologies > Acces and Use in agricultural household > Individual ICT Use in Agricultural Household
5161,Computer use in self-employed agricultural households and other agricultural households.,General subject classification > Multi-domain > Information and communication technologies > Acces and Use in agricultural household > Individual ICT Use in Agricultural Household
5162,Internet use in self-employed agricultural households and other agricultural households,General subject classification > Multi-domain > Information and communication technologies > Acces and Use in agricultural household > Individual ICT Use in Agricultural Household
5163,Mobile phone use in self-employed agricultural households and other agricultural households,General subject classification > Multi-domain > Information and communication technologies > Acces and Use in agricultural household > Individual ICT Use in Agricultural Household
5166,"Computer use of youth and non-youth (over 35 years old) in rural areas, by sex.",General subject classification > Multi-domain > Information and communication technologies > Acces and Use in agricultural household > Individual ICT Use in Agricultural Household
5167,"Internet use of youth and non-youth (over 35 years old) in rural areas, by sex.",General subject classification > Multi-domain > Information and communication technologies > Acces and Use in agricultural household > Individual ICT Use in Agricultural Household
5168,"Mobile phone use in youth and non-youth  (over 35 years old) in rural areas, by sex",General subject classification > Multi-domain > Information and communication technologies > Acces and Use in agricultural household > Individual ICT Use in Agricultural Household
5171,"Computer use of youth and non-youth (over 35 years old) in agricultural households, by sex.",General subject classification > Multi-domain > Information and communication technologies > Acces and Use in agricultural household > Individual ICT Use in Agricultural Household
5172,"Internet use of  youth and non-youth (over 35 years old) in agricultural households, by sex.",General subject classification > Multi-domain > Information and communication technologies > Acces and Use in agricultural household > Individual ICT Use in Agricultural Household
5173,"Mobile phone use of youth and non-youth (over 35 years old) in agricultural households, by sex",General subject classification > Multi-domain > Information and communication technologies > Acces and Use in agricultural household > Individual ICT Use in Agricultural Household
